<?xml version="1.0" encoding="UTF-8"?>
<project-private xmlns="http://www.netbeans.org/ns/project-private/1">
    <editor-bookmarks xmlns="http://www.netbeans.org/ns/editor-bookmarks/2" lastBookmarkId="0"/>
    <open-files xmlns="http://www.netbeans.org/ns/projectui-open-files/2">
        <group>
            <file>file:/E:/PRESENT/MAK%20IO%20EXPANSION/1.PROJECT/PROGRAM%20Without%20CAN/MAK_IO_MODULE.X/SYS_INIT.h</file>
            <file>file:/E:/PRESENT/MAK%20IO%20EXPANSION/1.PROJECT/PROGRAM%20Without%20CAN/MAK_IO_MODULE.X/RS232_CONFIG.h</file>
            <file>file:/E:/PRESENT/MAK%20IO%20EXPANSION/1.PROJECT/PROGRAM%20Without%20CAN/MAK_IO_MODULE.X/MAK_IO.c</file>
            <file>file:/E:/PRESENT/MAK%20IO%20EXPANSION/1.PROJECT/PROGRAM%20Without%20CAN/MAK_IO_MODULE.X/ADC.h</file>
            <file>file:/E:/PRESENT/MAK%20IO%20EXPANSION/1.PROJECT/PROGRAM%20Without%20CAN/MAK_IO_MODULE.X/ISR.h</file>
            <file>file:/E:/PRESENT/MAK%20IO%20EXPANSION/1.PROJECT/PROGRAM%20Without%20CAN/MAK_IO_MODULE.X/MAIN_FUNCTION.h</file>
            <file>file:/E:/PRESENT/MAK%20IO%20EXPANSION/1.PROJECT/PROGRAM%20Without%20CAN/MAK_IO_MODULE.X/FUNCTIONS.h</file>
        </group>
    </open-files>
</project-private>
